doi,journal,year,volume,issue,pages,authors,title
10.1016/j.socnet.2022.08.001,social-networks,2022,72,,1-12,Beate Völker,Networks in lockdown: The consequences of COVID-19 for social relationships and feelings of loneliness
10.1016/j.socnet.2021.12.005,social-networks,2022,77,,43-54,Jan Fuhse; Neha Gondal,Networks from culture: Mechanisms of tie-formation follow institutionalized rules in social fields
10.1016/j.socnet.2022.09.005,social-networks,2022,72,,108-120,Garry Robins; Dean Lusher; Chiara Broccatelli; David Bright; H. Colin Gallagher; Maedeh Aboutalebi Karkavandi; Petr Matouš; James Coutinho; Peng Wang; Johan Koskinen; Bopha Roden; Giovanni Radhitio Putra Sadewo,"Multilevel network interventions: Goals, actions, and outcomes"
10.1016/j.socnet.2022.10.001,social-networks,2022,72,,151-164,Rob Franken; Hidde Bekhuis; Jochem Tolsma,Kudos make you run! How runners influence each other on the online social network Strava
10.1016/j.socnet.2022.02.007,social-networks,2022,70,,306-324,Jan Schulz; Daniel Mayerhoffer; Anna Gebhard,A network-based explanation of inequality perceptions
10.1016/j.socnet.2022.05.002,social-networks,2022,70,,375-392,Ronald S. Burt; Ray Reagans,"Team talk: Learning, jargon, and structure versus the pulse of the network"
10.1016/j.socnet.2023.08.001,social-networks,2023,76,,79-87,Ella Cohn‐Schwartz; Alina Schmitz,From attitudes to social networks: National gender-role attitudes and gender differences in late-life social relationships
10.1016/j.socnet.2023.01.005,social-networks,2023,74,,13-18,Oskar Skibski,Closeness centrality via the Condorcet principle
10.1016/j.socnet.2024.02.005,social-networks,2024,78,,279-291,Yuliia Kazmina; Eelke M. Heemskerk; Eszter Bokányi; Frank W. Takes,Socio-economic segregation in a population-scale social network
10.1016/j.socnet.2023.06.002,social-networks,2023,76,,34-41,Omar Ližardo,Two-mode relational similarities
10.1016/j.socnet.2024.03.003,social-networks,2024,78,,253-264,Diego Jannace; Ronald S. Burt,Contingent bridge supervision: New evidence and cautions for network theory
10.1016/j.socnet.2025.03.001,social-networks,2025,82,,14-26,Niles Breuer; Martina Baradel,Investigating the dynamics of yakuza violence using multilevel network analysis
10.1016/j.socnet.2024.07.003,social-networks,2024,79,,168-186,Niccolò Giorgio Armandola,A clan detector algorithm to identify independent clans in the kinship networks of elite family dynasties
10.1016/j.socnet.2025.08.005,social-networks,2025,84,,87-100,Edgardo Sica; Pasquale Marcello Falcone; Antonio Lopolito,Uncovering network changes in the evolution of an innovation niche
10.1016/j.socnet.2022.05.004,social-networks,2022,70,,393-402,Max E. Coleman; Mohit K. Manchella; Adam R. Roth; Siyun Peng; Brea L. Perry,What kinds of social networks protect older adults’ health during a pandemic? The tradeoff between preventing infection and promoting mental health
10.1016/j.socnet.2022.01.015,social-networks,2022,75,,137-147,Tommaso Venturini; Kari De Pryck; Robert Ackland,Bridging in network organisations. The case of the Intergovernmental Panel on Climate Change (IPCC)
10.1016/j.socnet.2022.01.008,social-networks,2022,69,,235-250,David Bright; Russell Brewer; Carlo Morselli,Reprint of: Using social network analysis to study crime: Navigating the challenges of criminal justice records
10.1016/j.socnet.2021.12.008,social-networks,2022,77,,139-150,David R. Schaefer; Thoa V. Khuu; Ashwin Rambaran; Deborah Rivas‐Drake; Adriana J. Umaña‐Taylor,How do youth choose activities? Assessing the relative importance of the micro-selection mechanisms behind adolescent extracurricular activity participation
10.1016/j.socnet.2023.01.008,social-networks,2023,74,,78-101,Nina Zhu; Siyi Huang,Impact of the tariff concessions of the RCEP agreement on the structure and evolution mechanism of manufacturing trade networks
10.1016/j.socnet.2022.02.014,social-networks,2022,70,,267-283,Per Becker; Örjan Bodin,"Brokerage activity, exclusivity and role diversity: A three-dimensional approach to brokerage in networks"
10.1016/j.socnet.2022.12.004,social-networks,2022,73,,42-50,Per Block,Understanding the self-organization of occupational sex segregation with mobility networks
10.1016/j.socnet.2022.02.012,social-networks,2022,70,,253-266,Ryan Federo; Xavier Bustamante,The ties that bind global governance: Using media-reported events to disentangle the global interorganizational network in a global pandemic
10.1016/j.socnet.2022.03.001,social-networks,2022,70,,295-305,Andres Sevtsuk; Bahij Chancey; Rounaq Basu; Martina Mazzarello,Spatial structure of workplace and communication between colleagues: A study of E-mail exchange and spatial relatedness on the MIT campus
10.1016/j.socnet.2021.12.003,social-networks,2022,70,,152-165,Marva V. Goodson-Miller,A first look at justice-involved women’s egocentric social networks
10.1016/j.socnet.2022.02.002,social-networks,2022,75,,159-169,Lorien Jasny; Dana R. Fisher,How networks of social movement issues motivate climate resistance
10.1016/j.socnet.2022.02.011,social-networks,2022,70,,284-294,Shira Offer; Claude S. Fischer,How new is “New”? Who gets added in a panel study of personal networks?
10.1016/j.socnet.2022.07.004,social-networks,2022,71,,87-95,Eve Bohnett; Raffaele Vacca; Yujie Hu; David Hulse; Danielle Varda,Resilience and fragmentation in healthcare coalitions: The link between resource contributions and centrality in health-related interorganizational networks
10.1016/j.socnet.2022.04.001,social-networks,2022,70,,364-374,Tomáš Diviák; Casper S. van Nassau; Jan Kornelis Dijkstra; Tom A. B. Snijders,Dynamics and disruption: Structural and individual changes in two Dutch Jihadi networks after police interventions
10.1016/j.socnet.2023.01.006,social-networks,2023,74,,31-41,Anthony Paik; Mark C. Pachucki; Hsin Fei Tu,“Defriending” in a polarized age: Political and racial homophily and tie dissolution
10.1016/j.socnet.2023.03.003,social-networks,2023,74,,127-138,Dieuwke Zwier; Sara Geven,"Knowing me, knowing you: Socio-economic status and (segregation in) peer and parental networks in primary school"
10.1016/j.socnet.2023.10.003,social-networks,2023,78,,1-11,David Bright; Jürgen Lerner; Giovanni Radhitio Putra Sadewo; Chad Whelan,Offence versatility among co-offenders: A dynamic network analysis
10.1016/j.socnet.2022.01.014,social-networks,2022,75,,88-106,Keiichi Satoh; Melanie Nagel; Volker Schneider,Organizational roles and network effects on ideational influence in science-policy interface: Climate policy networks in Germany and Japan
10.1016/j.socnet.2022.05.001,social-networks,2022,72,,80-107,Mark Wittek; Christoph Bartenhagen; Frank Berthold,The development of stratification and segregation in a new scientific field: A study of collaboration among scientists in neuroblastoma research between 1975 and 2016
10.1016/j.socnet.2023.04.002,social-networks,2023,74,,259-274,Marion Hoffman; Timothée Chabot,The role of selection in socioeconomic homophily: Evidence from an adolescent summer camp
10.1016/j.socnet.2023.07.004,social-networks,2023,76,,42-50,Kasimir Dederichs,"Join to connect? Voluntary involvement, social capital, and socioeconomic inequalities"
10.1016/j.socnet.2022.02.010,social-networks,2022,75,,16-28,Francesca Pia Vantaggiato; Mark Lubell,Functional differentiation in governance networks for sea level rise adaptation in the San Francisco Bay Area
10.1016/j.socnet.2022.02.013,social-networks,2022,70,,325-333,Alberto Nieto; T. Davies; Hervé Borrion,“Offending with the accomplices of my accomplices”: Evidence and implications regarding triadic closure in co-offending networks
10.1016/j.socnet.2022.02.005,social-networks,2022,71,,12-31,Michael Genkin; Nicholas Harrigan; Rajee Kanagavel; Janice Yap,Dimensions of social networks: A taxonomy and operationalization
10.1016/j.socnet.2022.09.007,social-networks,2022,72,,121-138,Blaine G. Robbins,Measuring particularized trust: A name generator approach
10.1016/j.socnet.2023.02.004,social-networks,2023,74,,62-70,Remco S. Mannak; Arjan Markus; Marius T.H. Meeus; Jörg Raab; Alexander C. Smit,Network dynamics and its impact on innovation outcomes: R&amp;D consortia in the Dutch water sector
10.1016/j.socnet.2022.02.006,social-networks,2022,75,,29-38,Jose Daniel Teodoro; Christina Prell,Learning to understand: disentangling the outcomes of stakeholder participation in climate change governance
10.1016/j.socnet.2024.02.003,social-networks,2024,78,,164-172,Zaira Torres; Amparo Oliver; Irene Fernández,Older adults’ mental health during the COVID-19 pandemic: The association with social networks
10.1016/j.socnet.2022.06.001,social-networks,2022,71,,32-48,Keunbok Lee,Multiple types of friends and life stage differences in friendship
10.1016/j.socnet.2023.05.003,social-networks,2023,76,,1-11,Petro Tolochko; Hajo G. Boomgaarden,Same but different
10.1016/j.socnet.2023.07.003,social-networks,2023,78,,81-91,Zeyi Wang; Ian E. Fellows; Mark S. Handcock,Understanding networks with exponential-family random network models
10.1016/j.socnet.2023.09.006,social-networks,2023,76,,191-202,Ruiqi Li; Jing Liang; Cheng Cheng; X. L. Zhang; Longfeng Zhao; Chen Zhao; H. Eugene Stanley,The evolution of k-shell in syndication networks reveals financial performance of venture capital institutions
10.1016/j.socnet.2022.07.003,social-networks,2022,71,,115-130,Jerel M. Ezell; Suzan M. Walters; Brooke Olson; Aashna Kaur; Wiley D. Jenkins; John A. Schneider; Mai T. Pho,"“You’re friends until everybody runs out of dope”: A framework for understanding tie meaning, purpose, and value in social networks"
10.1016/j.socnet.2022.12.002,social-networks,2022,73,,30-41,Stefano Tasselli; Bálint Néray; Alessandro Lomi,A network centrality bias: Central individuals in workplace networks have more supportive coworkers
10.1016/j.socnet.2023.02.003,social-networks,2023,74,,19-30,Scott Duxbury; Jenna Wertsching,Scaling bias in pooled exponential random graph models
10.1016/j.socnet.2023.09.004,social-networks,2023,76,,120-134,Pete Jones; Deb Verhoeven; Aresh Dadlani; Vejune Zemaityte,She Must Be Seeing Things! Gender disparity in camera department networks
10.1016/j.socnet.2022.01.016,social-networks,2022,70,,208-217,Hwajin Shin,Is Trust Really There? Unpacking the role of trust in ethnic friendship networks of North Korean refugees
10.1016/j.socnet.2022.02.003,social-networks,2022,77,,129-138,Frédéric Godart; Ashley Mears,Transitory ties: A network ecology perspective on job opportunities in fashion modeling
10.1016/j.socnet.2023.07.002,social-networks,2023,76,,68-78,Shuyin Liu; David A. Nolin; James A. Kitts,Name order effects in measuring adolescent social networks using rosters
10.1016/j.socnet.2023.08.002,social-networks,2023,76,,112-119,Jinho Kim; Taehoon Kim,Adolescent network positions and memory performance in adulthood: Evidence from sibling fixed effects models with sociometric network data
10.1016/j.socnet.2023.11.008,social-networks,2023,78,,92-108,Alejandro Espinosa‐Rada; Elisa Bellotti; Martin G. Everett; Christoph Stadtfeld,Co-evolution of a socio-cognitive scientific network: A case study of citation dynamics among astronomers
10.1016/j.socnet.2024.03.001,social-networks,2024,78,,203-211,Adam R. Roth; Siyun Peng,Streams of interactions: Social connectedness in daily life
10.1016/j.socnet.2024.10.001,social-networks,2024,80,,65-75,Jennifer Watling Neal,"How many friends do youth nominate? A meta-analysis of gender, age, and geographic differences in average outdegree centrality"
10.1016/j.socnet.2023.12.002,social-networks,2024,78,,119-137,Srebrenka Letina; Emily Long; Paul McCrorie; Kirstin Mitchell; Claudia Zucca; Julie Riddell; Sharon Simpson; Laurence Moore; Mark McCann,Cross-sectional social network study of adolescent peer group variation in substance use and mental wellbeing: The importance of the meso level
10.1016/j.socnet.2024.03.004,social-networks,2024,78,,265-278,Miguel A. González-Casado; Gladis Gonzales; José Luís Molina; Ángel Sánchez,Towards a general method to classify personal network structures
10.1016/j.socnet.2024.05.004,social-networks,2024,79,,25-33,Edoardo Filippi-Mazzola; Ernst C. Wit,Modeling non-linear effects with neural networks in Relational Event Models
10.1016/j.socnet.2024.07.001,social-networks,2024,79,,154-167,Harald Waxenecker; Christina Prell,Corruption dynamics in public procurement: A longitudinal network analysis of local construction contracts in Guatemala
10.1016/j.socnet.2022.02.009,social-networks,2022,75,,4-15,Alexandra Goritz; Helge Jörgens; Nina Kolleck,A matter of information – The influence of international bureaucracies in global climate governance networks
10.1016/j.socnet.2022.09.001,social-networks,2022,72,,44-51,Elena De Gioannis; Federico Bianchi; Flaminio Squazzoni,Gender bias in the classroom: A network study on self and peer ability attribution
10.1016/j.socnet.2023.03.004,social-networks,2023,74,,166-181,Mahdi Shafiee Kamalabad; Roger Leenders; Joris Mulder,What is the Point of Change? Change Point Detection in Relational Event Models
10.1016/j.socnet.2023.09.001,social-networks,2023,76,,150-159,Francesco Renzini; Federico Bianchi; Flaminio Squazzoni,"Status, cognitive overload, and incomplete information in advice-seeking networks: An agent-based model"
10.1016/j.socnet.2024.06.006,social-networks,2024,79,,133-152,Jing Wu; Aude Bernard; Elisabeth Gruber,Lifetime internal migration trajectories and social networks: Do repeat migrants fare worst?
10.1016/j.socnet.2022.09.006,social-networks,2022,72,,70-79,Zizhen Wang,Investigating the role of multilevel social capital in ethnic income inequality in the Chinese labour market
10.1016/j.socnet.2023.01.003,social-networks,2023,73,,114-129,Alyssa W. Goldman; Erin York Cornwell; Benjamin Cornwell,Neighborhood conditions and social network turnover among older adults
10.1016/j.socnet.2025.05.007,social-networks,2025,83,,173-185,Beate Völker; Bas Hofstra; Rense Corten; Frank van Tubergen,Who’s in your extended network? Analysing the size and homogeneity of acquaintanceship networks in the Netherlands
10.1016/j.socnet.2023.03.001,social-networks,2023,74,,118-126,Kyoung-Mi Lee; Jae‐Suk Yang,R&amp;D cooperation in collaborative consumption of research equipment: An ERGM approach
10.1016/j.socnet.2023.11.006,social-networks,2023,78,,54-64,David Schoch; Termeh Shafie,The interplay of structural features and observed dissimilarities among centrality indices
10.1016/j.socnet.2024.02.001,social-networks,2024,78,,226-237,Matthew Sargent; Luke J. Matthews; George Vega Yon; Erik D. Storholm; Allison J. Ober; Harold D. Green,Assessing the dynamics of PrEP adoption in a national-scale physician network
10.1016/j.socnet.2024.06.002,social-networks,2024,79,,93-103,Ricardo González; Esteban Aedo–Muñoz; Adolfo Fuentes,Nonresponse in name generators across countries and survey modes
10.1016/j.socnet.2025.04.005,social-networks,2025,83,,1-13,Alejandro Espinosa‐Rada; Jürgen Lerner; Cornelius Fritz,Socio-cognitive networks between researchers: Investigating scientific dualities with the group-oriented relational hyperevent model
10.1016/j.socnet.2024.03.002,social-networks,2024,78,,238-252,Jiawei Sophia Fu,Network portfolio diversity and social innovation: An egocentric approach to cross-sector partnerships
10.1016/j.socnet.2024.05.002,social-networks,2024,79,,14-24,Tomáš Lintner; Tomáš Diviák; Barbora Nekardová,Interaction dynamics in classroom group work
10.1016/j.socnet.2025.03.005,social-networks,2025,82,,80-98,Xingxuan Zhuo; Lin Li; Jiefan Lian,Spatiotemporal analysis of the dynamic evolution and driving factors of trade networks in the Belt and Road countries
10.1016/j.socnet.2025.07.001,social-networks,2025,83,,199-214,Oscar Stuhler,The cultural construction of personal relationships
10.1016/j.socnet.2025.07.004,social-networks,2025,84,,78-86,Miguel A. González-Casado; Antonio Rey; Miroslav Pulgar; Christopher McCarty; José Luís Molina; Ángel Sánchez,Collecting a large number of alters in egocentric network research: A comparative analysis of three approaches
10.1016/j.socnet.2024.11.002,social-networks,2024,81,,31-51,José Luis Estévez; Carl Nordlund,Revising the Borgatti-Everett core-periphery model: Inter-categorical density blocks and partially connected cores
10.1016/j.socnet.2025.04.001,social-networks,2025,82,,166-181,Janine Schröder; Jürgen Pfeffer,Spatial dynamics in collective identity: Proximity and homophily in antifascist hyperlink-networks
10.1016/j.socnet.2025.07.008,social-networks,2025,84,,27-45,Alejandro Plaza; Guillermo Beck; Julio Iturra-Sanhueza; Gabriel Otero; Benjamín Muñoz,Networked inequality: The role of changes in network heterogeneity and network size in attitudes towards inequality
10.1016/j.socnet.2022.06.003,social-networks,2022,75,,170-185,Caterina Suitner; Leonardo Badia; Damiano Clementel; Laura Iacovissi; Matteo Migliorini; Bruno Gabriel Salvador Casara; Domenico Solimini; Magdalena Formanowicz; Tomaso Erseghe,The rise of #climateaction in the time of the FridaysForFuture movement: A semantic network analysis
10.1016/j.socnet.2022.07.001,social-networks,2022,77,,104-117,Filip Agneessens; Francisco Trincado-Munoz; Johan Koskinen,Network formation in organizational settings: Exploring the importance of local social processes and team-level contextual variables in small groups using bayesian hierarchical ERGMs
10.1016/j.socnet.2021.12.006,social-networks,2022,70,,187-197,Weihua An,"You said, they said: A framework on informant accuracy with application to studying self-reports and peer-reports"
10.1016/j.socnet.2022.09.004,social-networks,2022,72,,52-58,Siyun Peng; Adam R. Roth; Brea L. Perry,Random sampling of alters from networks: A promising direction in egocentric network research
10.1016/j.socnet.2022.07.002,social-networks,2022,71,,80-86,Jennifer Watling Neal; Zachary P. Neal; C. Emily Durbin,Inferring signed networks from preschoolers’ observed parallel and social play
10.1016/j.socnet.2022.08.003,social-networks,2022,72,,22-34,Alessandro Spelta; Nicoló Pecora; Paolo Pagnottoni,Assessing harmfulness and vulnerability in global bipartite networks of terrorist-target relationships
10.1016/j.socnet.2023.02.002,social-networks,2023,74,,102-117,Johan Koskinen; Pete Jones; Darkhan Medeuov; Artem Antonyuk; Kseniia Puzyreva; Никита Басов,Analysing networks of networks
10.1016/j.socnet.2023.02.001,social-networks,2023,74,,42-61,Derick S. Baum; Peter V. Marsden,Uses and limitations of dichotomous aggregate relational data
10.1016/j.socnet.2023.04.005,social-networks,2023,74,,216-223,Molly Copeland; Christina Kamis; Jessica West,To make and keep friends: The role of health status in adolescent network tie formation and persistence
10.1016/j.socnet.2023.09.003,social-networks,2023,76,,135-149,Thijmen Jeroense; Niels Spierings; Jochem Tolsma,"Similarity and differences in age, gender, ethnicity, and education as explanatory factors of tie loss in the core discussion network"
10.1016/j.socnet.2023.02.006,social-networks,2023,74,,139-155,Diana Karimova; Roger Leenders; Marlyne Meijerink-Bosman; Joris Mulder,Separating the wheat from the chaff: Bayesian regularization in dynamic social networks
10.1016/j.socnet.2023.06.001,social-networks,2023,76,,22-33,Emmanuel Kyeremeh; Markus H. Schafer,"Keep around, drop, or revise? exploring what becomes of difficult ties in personal networks"
10.1016/j.socnet.2023.07.001,social-networks,2023,76,,51-67,Peng Huang; Carter T. Butts,Parameter estimation procedures for exponential-family random graph models on count-valued networks: A comparative simulation study
10.1016/j.socnet.2023.09.005,social-networks,2023,76,,174-190,Malte Doehne; Daniel A. McFarland; James Moody,Network ecology: Tie fitness in social context(s)
10.1016/j.socnet.2023.01.007,social-networks,2023,74,,1-12,Tianyao Qu,Chronic illness and social network bridging in later life
10.1016/j.socnet.2023.05.004,social-networks,2023,76,,12-21,Elena M. Tur; Paolo Zeppini; Koen Frenken,Diffusion in small worlds with homophily and social reinforcement: A theoretical model
10.1016/j.socnet.2023.10.004,social-networks,2023,78,,12-24,Ana Bravo; Robert W. Krause; Rosario Ortega Ruiz; Eva M. Romera,How adolescents’ popularity perceptions change: Measuring interactions between popularity and friendship networks
10.1016/j.socnet.2022.08.002,social-networks,2022,72,,13-21,Moritz Bürger; Stephan Schlögl; Hannah Schmid-Petri,Conflict dynamics in collaborative knowledge production. A study of network gatekeeping on Wikipedia
10.1016/j.socnet.2022.09.003,social-networks,2022,72,,59-69,Joaquín Carrascosa,Class inequalities in access to social capital in the metropolitan area of Buenos Aires
10.1016/j.socnet.2022.09.002,social-networks,2022,72,,35-43,Ágnes Lukács J.; Beáta Dávid,Connecting for success: Egocentric network types among underrepresented minority students at college
10.1016/j.socnet.2023.02.005,social-networks,2023,74,,71-77,Federico Bianchi; Matteo Piolatto; Alessandra Marengoni; Flaminio Squazzoni,Structure of personal networks and cognitive abilities: A study on a sample of Italian older adults
10.1016/j.socnet.2023.09.002,social-networks,2023,76,,160-173,Timothée Chabot,How does socioeconomic homophily emerge? Testing for the contribution of different processes to socioeconomic segregation in adolescent friendships
10.1016/j.socnet.2023.12.001,social-networks,2023,77,,1-4,Malte Doehne; Daniel A. McFarland; James Moody,Network Ecology: Introduction to the Special Issue
10.1016/j.socnet.2024.02.004,social-networks,2024,78,,184-202,Vera de Bel; Éric Widmer,"Positive, negative, and ambivalent dyads and triads with family and friends: A personal network study on how they are associated with young adults’ well-being"
10.1016/j.socnet.2022.01.013,social-networks,2022,70,,218-227,Felix Gaisbauer; Ariana Strandburg‐Peshkin; Helge Giese,Local Majority-with-inertia Rule Can Explain Global Consensus Dynamics in A Network Coordination Game
10.1016/j.socnet.2022.02.004,social-networks,2022,77,,151-165,David Hachen; Cheng Wang; Brandon Sepulvado; Omar Ližardo,Generators or diffusers? Examining differences in the dynamic coupling of context and social ties across multiple types of foci
10.1016/j.socnet.2022.02.001,social-networks,2022,70,,240-252,Damjan Škulj; Aleš Žiberna,Stochastic blockmodeling of linked networks
10.1016/j.socnet.2023.11.002,social-networks,2023,77,,180-196,Malte Doehne; Daniel A. McFarland; James Moody,Network ecology: Tie fitness in social context(s)
10.1016/j.socnet.2022.03.006,social-networks,2022,70,,353-363,Adrian Toroslu; Eva Jaspers,Avoidance in action: Negative tie closure in balanced triads among pupils over time
10.1016/j.socnet.2022.07.005,social-networks,2022,71,,131-142,Bastian Laier; Marina Hennig; Stefan Hundsdorfer,An inductive typology of egocentric networks with data from the Socio-Economic Panel
10.1016/j.socnet.2023.01.001,social-networks,2023,73,,80-88,Pilar Marqués‐Sánchez; María Cristina Martínez-Fernández; Raquel Leirós‐Rodríguez; Óscar Rodríguez‐Nogueira; Elena Fernández‐Martínez; José Alberto Benítez‐Andrades,Leadership and contagion by COVID-19 among residence hall students: A social network analysis approach
10.1016/j.socnet.2023.11.004,social-networks,2023,78,,40-53,Joris Mulder; Nial Friel; Philip Leifeld,Bayesian testing of scientific expectations under exponential random graph models
10.1016/j.socnet.2024.01.002,social-networks,2024,78,,150-163,Giacomo Ceoldo; Tom A. B. Snijders; Ernst C. Wit,Stochastic actor oriented model with random effects
10.1016/j.socnet.2025.03.008,social-networks,2025,82,,111-133,Rossana Mastrandrea; Paolo Pagnottoni; Nicoló Pecora; Alessandro Spelta,An Optimal Transport approach to model the community structure of the International Trade Network
10.1016/j.socnet.2023.07.005,social-networks,2023,76,,88-111,Laura Forastiere; Davide Del Prete; Valerio Leone Sciabolazza,Causal inference on networks under continuous treatment interference
10.1016/j.socnet.2023.03.006,social-networks,2023,74,,182-205,Ollie Ballinger,Insurgency as complex network: Image co-appearance and hierarchy in the PKK
10.1016/j.socnet.2023.12.003,social-networks,2024,78,,109-118,Isabel J. Raabe; Chaïm la Roi; Stephanie Plenty,Down and out? the role of household income in students’ friendship formation in school-classes
10.1016/j.socnet.2024.01.001,social-networks,2024,78,,138-149,Omar Ližardo,Theorizing the concept of social tie using frames
10.1016/j.socnet.2021.12.001,social-networks,2022,77,,5-16,John Levi Martin; Jan Overgoor; Bogdan State,Persistence and change in structural signatures of tie formation over time
10.1016/j.socnet.2023.10.005,social-networks,2023,76,,215-229,Theresa M. Floyd; Alexandra Gerbasi; Giuseppe Labianca,The role of sociopolitical workplace networks in involuntary employee turnover
10.1016/j.socnet.2024.05.001,social-networks,2024,79,,34-47,Peter V. Marsden; Derick S. Baum,Occupational selection and the reliability of position generator measures of social capital
10.1016/j.socnet.2024.06.003,social-networks,2024,79,,122-132,Axel Browne; David Butts; Edgar Jaramillo-Rodriguez; Nidhi Parikh; Geoffrey Fairchild; Zach Needell; Cristian Poliziani; Tom Wenzel; Timothy C. Germann; Sara Y. Del Valle,Evaluating disease surveillance strategies for early outbreak detection in contact networks with varying community structure
10.1016/j.socnet.2024.07.002,social-networks,2024,79,,187-197,Philippa Pattison; Garry Robins; Tom A. B. Snijders; Peng Wang,Exponential random graph models and pendant-triangle statistics
10.1016/j.socnet.2025.03.004,social-networks,2025,82,,55-64,Wicia M. Fang; Andrea L. Courtney; Matthew O. Jackson; Jamil Zaki,Differences in perceived social connection help explain SES-based gaps in well-being
10.1016/j.socnet.2025.04.006,social-networks,2025,83,,28-49,Anton Grau Larsen; Jacob Aagaard Lunding; Christoph Ellersgaard,Overlapping social circles in historical elite career networks:Measuring accumulated social status with ‘k-circles’ and circle esteem in bipartite networks
10.1016/j.socnet.2023.04.004,social-networks,2023,74,,224-235,Yang-chih Fu; Hsiao-ling Kuo,Mobilizing personal networks into concert audiences: The differential multilevel effects in an art convention
10.1016/j.socnet.2023.10.001,social-networks,2023,76,,203-208,Kate Vinita Fitch; Molly Copeland; jimi adams,Predictors of romantic partner nomination reciprocity in adolescent social networks
10.1016/j.socnet.2025.02.002,social-networks,2025,82,,27-38,Cassie McMillan; Kaley A. Jones; Wade C. Jacobsen; Nayan G. Ramirez; Mark E. Feinberg,Friends forever? Correlates of high school friendship (in)stability from adolescence to young adulthood
10.1016/j.socnet.2025.03.002,social-networks,2025,82,,39-54,Raji Ghawi; Jürgen Pfeffer,Identifying stages in the lifespan of dynamic groups
10.1016/j.socnet.2025.05.003,social-networks,2025,83,,120-133,S. Gordon; Wayne E. Baker; Jose Uribe; Cassandra R. Chambers; Bruce Desmarais,Networks of inclusion: Using teams and technology to create diverse social capital
10.1016/j.socnet.2025.05.002,social-networks,2025,83,,105-119,Selena M. Livas; Dexter H. Locke; Nancy F. Sonti,"Urban environmental stewardship networks: How organizations collaborate, share resources, and exchange knowledge within Baltimore, Maryland"
10.1016/j.socnet.2025.10.003,social-networks,2025,84,,202-219,Julie Riddell; Srebrenka Letina; Kathryn Skivington; Daniel Archambault; Valerie Wells; Emily Long; Ruth F. Hunter; Mark McCann,"Methods for interventions using networks to improve health: A narrative synthesis of methodological research on network data collection, visualisation and intervention"
10.1016/j.socnet.2023.01.004,social-networks,2023,73,,89-103,Alessio Muscillo; Paolo Pin; Tiziano Razzolini; Francesco Serti,Does “network closure” beef up firms’ performance?
10.1016/j.socnet.2023.04.001,social-networks,2023,74,,275-284,Francis Lee; Carter T. Butts; John A. Schneider,Measuring structural HIV stigma
10.1016/j.socnet.2024.06.005,social-networks,2024,79,,104-121,Thibaud Deguilhem; Juliette Schlegel; Jean‐Philippe Berrou; Ousmane Djibo; Alain Piveteau,Too many options: How to identify coalitions in a policy network?
10.1016/j.socnet.2024.12.002,social-networks,2025,81,,53-66,Judith Gilsbach; Johannes Stauder,Digital communication and tie formation amongst freshmen students during and after the pandemic
10.1016/j.socnet.2025.05.006,social-networks,2025,83,,50-61,Jody Clay‐Warner; Hui Yi; Tenshi Kawashima; Jiacheng Li; David Okech; Fred Hassan Konteh,A comparison of top-coding strategies for aggregated relational data
10.1016/j.socnet.2025.05.005,social-networks,2025,83,,79-91,Derick S. Baum,Explaining contact patterns in acquaintanceship networks: A new covariate-based model
10.1016/j.socnet.2025.07.005,social-networks,2025,84,,101-109,Benjamin Vogel; Bree Cummins; Ian Laga,Accounting for correlation and censoring in Bayesian Network Scale-up Method Models
10.1016/j.socnet.2025.08.002,social-networks,2025,84,,46-61,Sergio Díaz-Aranda; Juan Marcos Ramírez; José Aguilar; Rosa E. Lillo; Antonio Fernández Anta,Robust network scale-up method estimators
10.1016/j.socnet.2025.08.003,social-networks,2025,84,,131-146,Shira Offer; Claude S. Fischer; Keunbok Lee,The gears in network dynamics: The alter-trajectory approach
10.1016/j.socnet.2025.09.004,social-networks,2025,84,,164-179,Yunsub Lee; Xinwei Xu,Use of aggregated relational data in agent-based modeling
10.1016/j.socnet.2025.12.002,social-networks,2025,85,,57-65,Obed Jones Owusu-Sarpong; Kabila Abass; Solomon Osei‐Tutu; Armstrong Francis Tumawu; Razak M. Gyasi,Social network connectivity and food insecurity among single parents: Findings from a representative survey in Ghana
10.1016/j.socnet.2025.11.003,social-networks,2025,85,,66-79,Bas Hofstra; Thijmen Jeroense; Jochem Tolsma,The impact of dyads and extended networks on political talk: A factorial survey experiment in the Netherlands
10.1016/j.socnet.2026.01.003,social-networks,2026,86,,35-41,Scott Feld; Alec McGail,Estimating unknown populations from informant reports using scale-up reference groups and capture-recapture inference
10.1016/j.socnet.2026.04.003,social-networks,2026,86,,271-272,Christopher McCarty; H. Russell Bernard,Introduction to the Network Scale-up Method
10.1016/j.socnet.2026.04.010,social-networks,2026,86,,412-422,Mattia Vacchiano; Guillaume Fernandez; Eric D. Widmer,A personal network analysis of remote workers
10.1016/j.socnet.2021.12.009,social-networks,2022,77,,68-78,Michael Windzio; Raphael H. Heiberger,The social ecology of intergenerational closure in school class networks. Socio-spatial conditions of parents’ norm generation and their effects on students’ interpersonal conflicts
10.1016/j.socnet.2022.03.003,social-networks,2022,75,,55-64,Kenneth A. Frank; Tingqiao Chen; Ethan Brown; Angela L. Larsen‐Gray; William Baule,A network intervention for natural resource management in the context of climate change
10.1016/j.socnet.2022.02.008,social-networks,2022,70,,228-239,Ling Li; Yaokuang Li; Dan Long; Yalin Wang,Does syndicating bring syndicating ?An exploration targeting ECF based on social structure by complex network analysis
10.1016/j.socnet.2022.03.002,social-networks,2022,75,,39-54,Lasse Folke Henriksen; Caleb Gallemore; Kelvin Kamnde; Pilly Silvano; Asubisye Mwamfupe; Mette Fog Olwig,Networks and institutions in sustainable forest use: Evidence from South-East Tanzania
10.1016/j.socnet.2022.12.001,social-networks,2022,73,,1-6,Guillaume Péron,Weighting the transitivity of undirected weighted social networks with triadic edge dissimilarity scores
10.1016/j.socnet.2023.03.002,social-networks,2023,75,,1-3,David B. Tindall; Nina Kolleck; John McLevey,Social networks and anthropogenic climate change
10.1016/j.socnet.2022.04.002,social-networks,2022,77,,166-179,Lanu Kim; Sanne Smith; Linus Dahlander; Daniel A. McFarland,Networking a career: Individual adaptation in the network ecology of faculty
10.1016/j.socnet.2022.06.002,social-networks,2022,71,,49-60,Romina Seminario,Timing and networks: Embedding patterns of Peruvian migrants in Switzerland
10.1016/j.socnet.2023.11.003,social-networks,2023,78,,25-39,Sandra C. Stark; D. Peter; Andreas Tutić,Homophily and the evolution of cooperation in the Volunteer’s Dilemma: A computational study on dynamic graphs
10.1016/j.socnet.2023.11.005,social-networks,2023,78,,65-80,Kyosuke Tanaka; George G. Vega Yon,Imaginary network motifs: Structural patterns of false positives and negatives in social networks
10.1016/j.socnet.2025.04.003,social-networks,2025,82,,153-165,Aidan Combs; Gabriel Varela; Dawn T. Robinson; Lynn Smith‐Lovin; Stephen Vaisey,Deviations from cultural consensus about occupations: The duality of occupation meanings and Americans’ meaning communities
10.1016/j.socnet.2022.03.005,social-networks,2022,70,,334-340,Martin G. Everett; David Schoch,An extended family of measures for directed networks
10.1016/j.socnet.2022.06.006,social-networks,2022,71,,96-114,Daniel A. McFarland; Tom Wolff,Writing into relationships
10.1016/j.socnet.2022.12.007,social-networks,2023,73,,62-71,Martha Blanco; Ana María Guerra; María Alejandra Rubio; Carolyn Finck; ­Abby C. King; Lisa G. Rosas; Olga L. Sarmiento; Felipe Montes,Emergence of social support networks among breast cancer survivors through a community-based physical activity program in Colombia
10.1016/j.socnet.2023.10.002,social-networks,2023,76,,209-214,Christian S. Schmid; David R. Hunter,Improving ERGM starting values using simulated annealing
10.1016/j.socnet.2022.03.004,social-networks,2022,70,,341-352,Verónica de Miguel Luken,"Migration, mixedness, and the partner’s role in core discussion networks"
10.1016/j.socnet.2022.10.002,social-networks,2022,72,,165-182,Dennie Kim; Russell J. Funk; Akbar Zaheer,Structure in context: A morphological view of whole network performance
10.1016/j.socnet.2023.05.001,social-networks,2023,74,,245-258,Sven Lenkewitz,Limited opportunities: Adolescents’ access to social capital in secondary schools in three European countries
10.1016/j.socnet.2022.01.010,social-networks,2022,69,,211-220,James A. Kitts; Diego F. Leal,Reprint of: What is(n’t) a friend? Dimensions of the friendship concept among adolescents
10.1016/j.socnet.2022.06.005,social-networks,2022,71,,70-79,Maayan Levinson; Liat Ayalon; Yuval Benjamini,Gender homophily and gender distribution in social networks: The case of older adults in long term care settings
10.1016/j.socnet.2022.06.004,social-networks,2022,71,,61-69,Andrea Corradi; Cassie McMillan; Nick Dietrich,A hostile reputation: A social network approach to interstate hostility
10.1016/j.socnet.2022.06.007,social-networks,2022,75,,186-196,Camille Roth; Iina Hellsten,Socio-semantic configuration of an online conversation space
10.1016/j.socnet.2022.12.005,social-networks,2022,73,,20-29,Isidro Maya‐Jariego; Elena González-Tinoco,Use of a hierarchical deconstruction procedure for the classification of personal networks: Exploring nested groups around you
10.1016/j.socnet.2022.05.003,social-networks,2022,71,,1-11,Yuya Ieiri; Tengfei Shao; Reiko Hishiyama,Value creation framework for tourist destinations based on designable evaluation network
10.1016/j.socnet.2022.10.003,social-networks,2023,73,,104-113,C. Ben Gibson; Carter T. Butts,Effects of temporal resolution adjustments on dynamic sexual contact models
10.1016/j.socnet.2024.05.003,social-networks,2024,79,,57-75,Daniel A. McFarland; David Broska; Vinodkumar Prabhakaran; Dan Jurafsky,Coming into relations: How communication reveals and persuades relational decisions
10.1016/j.socnet.2025.02.003,social-networks,2025,82,,134-152,Maurice Bokanga; John Levi Martin,"Duality, dissimilarity, and diversity: The use of ecological approaches to cross-nested affiliation data"
10.1016/j.socnet.2025.03.007,social-networks,2025,82,,182-200,Selena M. Livas; Carter T. Butts,Birds of a feather sign together: Co-ratification patterns in the International environmental agreement network
10.1016/j.socnet.2025.06.002,social-networks,2025,83,,62-78,Kyosuke Tanaka; Keqin Zhang; Jeremy Foote; Seungyoon Lee; Doran C. French,"Bully-victim network perceptions of bullies, victims, and peer observers"
10.1016/j.socnet.2025.05.008,social-networks,2025,83,,92-104,Tom A. B. Snijders; Beata Łopaciuk-Gonczaryk,"Double agency and co-evolution for two-mode networks, with an application to corporate interlocks and firms’ environmental performance"
10.1016/j.socnet.2025.06.001,social-networks,2025,83,,134-151,Omar Ližardo,The Correspondence Analysis of two-mode networks revisited
10.1016/j.socnet.2025.05.001,social-networks,2025,83,,152-172,Alvaro Uzaheta; Viviana Amati; Christoph Stadtfeld,Modeling the duality of content niches and user interactions on online social media platforms
10.1016/j.socnet.2025.07.002,social-networks,2025,83,,186-198,Annabell Schüßler; Jan Fuhse,The duality of network ties and attributes
10.1016/j.socnet.2022.12.003,social-networks,2022,73,,7-19,Marjan Cugmas; Aleš Žiberna,Approaches to blockmodeling dynamic networks: A Monte Carlo simulation study
10.1016/j.socnet.2022.12.006,social-networks,2023,73,,51-61,Lindsay E. Young; Jack Lipei Tang; John A. Schneider,Demographic and HIV status diversities as mechanisms of social integration and segregation among Black sexual and gender minorities enrolled in a community-based social network intervention
10.1016/j.socnet.2023.01.009,social-networks,2023,73,,130-141,Heng Zhao; Yanxi Li; Sai Qian; Yi Ren,"Cross-border credit networks, banking risk contagion and suppression effects"
10.1016/j.socnet.2023.03.005,social-networks,2023,74,,156-165,Sa Ren; Xue Wang; Peng Liu; Jian Zhang,Bayesian nonparametric mixtures of Exponential Random Graph Models for ensembles of networks
10.1016/j.socnet.2023.05.002,social-networks,2023,74,,236-244,Melissa Zajdel; Krystyna R. Keller; Lindsey Mountcastle; Laura M. Koehly,Shared responsibility and network collaboration in caregiving
10.1016/j.socnet.2024.04.001,social-networks,2024,79,,1-13,Daniele Bellutta; Kathleen M. Carley,Indicators of the formation of precedent at the International Court of Justice
10.1016/j.socnet.2022.01.003,social-networks,2022,69,,307-325,Patrycja Stys; Samuel Muhindo; Sandrine N’simire; Ishara Tchumisi; Papy Muzuri; Bauma Balume; Johan Koskinen,"Reprint of: Trust, quality, and the network collection experience: A tale of two studies on the Democratic Republic of the Congo"
10.1016/j.socnet.2022.09.008,social-networks,2022,72,,139-150,Wei-hsian Chi; Yang-chih Fu; Tsuey‐Hwa Hu; Jing‐Shiang Hwang,How interrank contacts benefit masters in a Buddhist monastery: Comparing the effects of ascribed Dharma titles and perceived status
10.1016/j.socnet.2023.11.001,social-networks,2024,77,,55-67,Hanno Kruse; Clemens Kroneberg,Re-print of: Contextualizing oppositional cultures: A multilevel network analysis of status orders in schools
10.1016/j.socnet.2024.06.004,social-networks,2024,79,,76-92,Chen-Shuo Hong; Anthony Paik; Swethaa Ballakrishnen; Carole Silver; Steven A. Boutcher,Categorical closure: Transitivity and identities in longitudinal networks
10.1016/j.socnet.2024.08.001,social-networks,2024,79,,198-208,Laura Braden; Ju Hyun Park; Jay Lee,Symbolic association networks: A case study of orchestral programming’s effect on the reputation of composers
10.1016/j.socnet.2024.08.002,social-networks,2024,80,,1-9,Dmitry Gromov,Social balance-based centrality measure for directed signed networks
10.1016/j.socnet.2024.08.003,social-networks,2024,80,,25-35,Nick Wuestenenk; Tom Nijs; Tobias Stark; Frank van Tubergen; Naomi Ellemers,The interplay of misperceptions and willingness to share opinions in full classroom networks: The case of opinions towards homosexuality
10.1016/j.socnet.2024.11.001,social-networks,2024,81,,1-16,Andrea Fronzetti Colladon; Maurizio Naldi,Why distinctiveness centrality is distinctive
10.1016/j.socnet.2024.10.002,social-networks,2024,81,,17-30,Eugene T. Y. Ang; Prasanta Bhattacharya; Andrew E. B. Lim,Estimating policy effects in a social network with independent set sampling
10.1016/j.socnet.2022.01.006,social-networks,2022,69,,263-273,Michelle Birkett; Joshua Melville; Patrick Janulis; Gregory Phillips; Noshir Contractor; Bernie Hogan,Reprint of: Network Canvas: Key decisions in the design of an interviewer-assisted network data collection software suite
10.1016/j.socnet.2022.01.002,social-networks,2022,70,,198-207,Bogdan W. Mach; John E. Jackson; Ireneusz Sadowski,Estimating peer political influence with large N observational data on ego-centered social networks
10.1016/j.socnet.2022.01.005,social-networks,2022,69,,274-292,Petr Matouš; Julien Pollack; Jane Helm,Reprint of: Collecting experimental network data from interventions on critical links in workplace networks
10.1016/j.socnet.2022.01.001,social-networks,2022,70,,166-186,Kristel Vignery,From networked students centrality to student networks density: What really matters for student performance?
10.1016/j.socnet.2022.01.012,social-networks,2022,69,,180-193,András Vörös; Zsófia Boda; Timon Elmer; Marion Hoffman; Kieran Mepham; Isabel J. Raabe; Christoph Stadtfeld,"Reprint of: The Swiss StudentLife Study: Investigating the emergence of an undergraduate community through dynamic, multidimensional social network data"
10.1016/j.socnet.2022.01.009,social-networks,2022,69,,221-234,Lorien Jasny; Jesse S. Sayles; Matthew Hamilton; Laura Roldan Gomez; Derric Jacobs; Christina Prell; Petr Matouš; Eva Schiffer; Angela M Guererro; Michele L. Barnes,Reprint of: Participant engagement in environmentally focused social network research
10.1016/j.socnet.2023.01.002,social-networks,2023,73,,72-79,Sara Semborski; Harmony Rhoades; Eric Rice; Benjamin F. Henwood,Validation of interaction-based egocentric elicitation using ecological momentary assessment with young adults currently or formerly homeless
10.1016/j.socnet.2023.04.003,social-networks,2023,74,,206-215,Mario Diani; Silvia Sacchetti,Embedded performers: The relational foundations of record production
10.1016/j.socnet.2023.11.007,social-networks,2024,78,,173-183,Maia King,Walk-Independence Probabilities and WIP Centrality: A new heuristic for diffusion probabilities in networks
10.1016/j.socnet.2022.01.004,social-networks,2022,69,,293-306,Alina Lungeanu; Mark McKnight; Rennie Negron; Wolfgang Munar; Nicholas A. Christakis; Noshir Contractor,Reprint of: Using Trellis software to enhance high-quality large-scale network data collection in the field
10.1016/j.socnet.2022.01.011,social-networks,2022,69,,194-210,Tom Töpfer; Betina Hollstein,Reprint of: Order of recall and meaning of closeness in collecting affective network data
10.1016/j.socnet.2022.01.007,social-networks,2022,69,,251-262,Tobias Stark; Volker Stocké,Reprint of: Predicting data quality of proxy reports in egocentric network studies
10.1016/j.socnet.2024.02.002,social-networks,2024,78,,212-225,Chaeyoon Lim; Yoonyoung Na; Hyeona Park; Dong-Kyun Im,Not all friends are created equal: Friendship ties across different social contexts in South Korea
10.1016/j.socnet.2024.06.001,social-networks,2024,79,,48-56,Ju-Hwan Seo,Choosing isolation in the face of stigma: Relational work in tie severance among Korean unwed mothers
10.1016/j.socnet.2024.08.004,social-networks,2024,80,,10-24,Shu-mei Lai; Tso-Jung Yen; Ming-Yi Chang; Yang-chih Fu; Wei‐Chung Liu,Predicting network members from partial contact records on social media: A machine learning approach
10.1016/j.socnet.2024.08.005,social-networks,2024,80,,36-42,Cristina Espinosa da Silva; Heather A. Pines; Thomas L. Patterson; Stephanie K. Brodine; Richard S. Garfein; Robert E. Booth; Eileen V. Pitpitan,The role of network communication in mediating the effect of a social network intervention on HIV seroconversion among people who inject drugs in Ukraine
10.1016/j.socnet.2024.08.007,social-networks,2024,80,,44-58,Chiara Broccatelli; Phil Nixon; Perrin Moss; Sarah Baggio; Angela Young; Dawn C. Newcomb,Multilevel integrated healthcare: The evaluation of Project ECHO® networks to integrate children’s healthcare in Australia
10.1016/j.socnet.2024.09.001,social-networks,2024,80,,59-64,Zachary P. Neal,A stopping rule for randomly sampling bipartite networks with fixed degree sequences
10.1016/j.socnet.2025.02.001,social-networks,2025,82,,1-13,M. A. Girard; David Décary-Hêtu,From warnings to bans: The role of social networks in the severity of sanctions
10.1016/j.socnet.2025.03.003,social-networks,2025,82,,65-79,Sydney A. DeMets; Emma S. Spiro,Podcasts in the periphery: Tracing guest trajectories in political podcasts
10.1016/j.socnet.2025.03.006,social-networks,2025,82,,99-110,Neelam Modi; Johan Koskinen; Leslie A. DeChurch; Noshir Contractor,Modeling the “who” and “how” of social influence in the adoption of health practices
10.1016/j.socnet.2025.04.004,social-networks,2025,82,,201-212,Andrew Parker; Christian Waldstrøm; Stefano Tasselli,The effect of perceptions of exploration and exploitation work activities on dynamic organizational knowledge networks
10.1016/j.socnet.2025.04.002,social-networks,2025,82,,213-228,Michèle Battisti; Andrea Mario Lavezzi; Roberto Musotto,"Hierarchy, Tasks, Space: An analysis of tie formation in the Palermo Mafia"
10.1016/j.socnet.2025.05.004,social-networks,2025,83,,14-27,Erez Aharon Marantz; Jeffrey D. Sachs; Emily Erikson,"Embeddedness, status, and groups: Networks and employment in the American television production"
10.1016/j.socnet.2025.07.003,social-networks,2025,83,,215-232,Giuseppe Soda; Alessandro Iorio; Leonardo Rizzo,In the network of the conclave: Social connections and the making of a pope
10.1016/j.socnet.2025.07.007,social-networks,2025,84,,1-8,Jennifer Watling Neal; Zachary P. Neal,Network interventions to improve search and facilitate research-practice transfer
10.1016/j.socnet.2025.07.006,social-networks,2025,84,,9-26,Emily Kruidhof; Rense Corten; Lea Ellwardt; Rafael Wittek,The co-evolution of informal social status and gossip in workplace social networks
10.1016/j.socnet.2025.08.001,social-networks,2025,84,,62-77,Khrystyna Holynska; Renato Corbetta; Carter T. Butts; C. Ben Gibson,Can an eye for an eye turn the whole world sanctioned?
10.1016/j.socnet.2025.09.002,social-networks,2025,84,,127-130,Ronald L. Breiger,Duality: Taking stock and moving forward
10.1016/j.socnet.2025.09.001,social-networks,2025,84,,123-126,Alessandro Lomi; Philippa Pattison,Duality: The first fifty years and beyond
10.1016/j.socnet.2025.10.002,social-networks,2025,84,,191-201,Sean F. Everton; S. Gray; Chad Machiela; Rob Schroeder,Leveraging latent space network models for community intervention
10.1016/j.socnet.2025.10.001,social-networks,2025,84,,180-190,Daniel Cowen; Tobias Stark; Vincenz Frey; Andreas Flache,Trends of Friends – Time dynamics of Surface- and Deep- level traits in friendship formation and maintenance
10.1016/j.socnet.2025.11.001,social-networks,2025,85,,1-12,Minheng Chen; Yang-chih Fu; Xin Guo; Qiang Fu,Social isolation by design: Bias in measuring core networks in Taiwan?
10.1016/j.socnet.2025.11.002,social-networks,2025,85,,13-23,Isidro Maya‐Jariego; Francisco Santolaya; Pablo Pastor-Alcayde,Multiple senses of community in central and peripheral neighborhoods of Seville: The fragmentation of personal networks in social housing estates
10.1016/j.socnet.2025.11.004,social-networks,2025,85,,24-34,Shuyue Zhang; Linlin Lei; L. Liu; Shijiang Zuo,The influence of relational mobility on social exclusion behavior: The mediating role of social participation intention
10.1016/j.socnet.2025.11.005,social-networks,2025,85,,35-46,Giorgia Trasciani; Stefano Ghinoi; Guido Conaldi,From mapping to action: Social network analysis as a strategic tool in cross-national community interventions
10.1016/j.socnet.2025.11.006,social-networks,2025,85,,47-56,Lea Ellwardt; Theo G. van Tilburg,The ties that bother: Difficult relationships in the personal networks of older adults
10.1016/j.socnet.2025.12.001,social-networks,2025,85,,80-88,Martin G. Everett; Stephen P. Borgatti,Alter composition with overlapping group memberships
10.1016/j.socnet.2025.12.004,social-networks,2025,85,,89-97,Siyun Peng; Martha Tillson; Maria Rockett; Marisa Booty; Carrie B. Oser,Beyond weak ties in prison: An investigation of core support networks of incarcerated persons
10.1016/j.socnet.2025.12.003,social-networks,2025,85,,108-120,Kenneth S. Berenhaut; Liangdongsheng Lyu; Yuxiao Zhou,Dissipation and bondedness in networks via conflict-based cohesion
10.1016/j.socnet.2025.12.005,social-networks,2025,85,,98-107,Pildoo Sung; Angelique Chan; Abhijit Visaria; June May-Ling Lee,Getting lonely and isolated? Transitions in social isolation profiles over time and factors associated with them among older adults
10.1016/j.socnet.2025.12.006,social-networks,2025,85,,121-133,Y. Kato; Francine Chan; Belinda Yuen,Using social network analysis to understand residents’ social connection in a Singapore neighbourhood
10.1016/j.socnet.2025.12.007,social-networks,2026,86,,1-11,Sergio Buttazzo; Göran Kauermann,Using LASSO for variable selection in exponential random graph models
10.1016/j.socnet.2025.12.008,social-networks,2026,86,,12-22,Xueying Zhang; Ting Wang,The influence of social network on consumers’ negative reactions toward corporate social advocacy: An egocentric network analysis
10.1016/s0378-8733(26)00005-5,social-networks,2026,85,,ii-ii,,Editorial Board
10.1016/j.socnet.2026.01.001,social-networks,2026,86,,23-34,Gordana Marmulla; Ulrik Brandes,Centrality in directed networks
10.1016/j.socnet.2026.01.002,social-networks,2026,86,,42-61,Tracy M. Sweet; Xin Qiao; Ashani Jayasekera; Yishan Ding,Investigating the impacts of missing data mechanims and treatments with latent space models
10.1016/j.socnet.2026.01.006,social-networks,2026,86,,62-74,Doris Gebhard; Jan Ellinger,Who benefits most? Intervention-induced changes in the social networks of people living with dementia
10.1016/j.socnet.2026.01.004,social-networks,2026,86,,75-87,Huiyun Tang; Moxuan Mi; Yingying Ma; Haisheng Yang; Feifei Wang,Two-mode network autoregressive model for network analysis with core nodes
10.1016/j.socnet.2026.02.002,social-networks,2026,86,,88-103,Mohammad Khalilian; Anthony R. Bardo; Claire Reardon; Amy Kostelic; Susie Thiel; Robert W. Krause,"Closing the loop: Design, implementation, and evaluation of a regular-feedback network intervention for social connectedness and mental health"
10.1016/j.socnet.2026.01.005,social-networks,2026,86,,104-119,Alec Fluer; Ian Laga; Logan Graham; Ellen Almirol; M. N. Meyer; John A. Schneider; Bree Cummins,From survey data to social multiplex models: Incorporating interlayer correlation from multiple data sources
10.1016/j.socnet.2026.02.001,social-networks,2026,86,,120-137,Martina Boschi; Jürgen Lerner; Ernst Wit,Beyond linearity and time-homogeneity: Relational hyper event models with time-varying non-linear effects
10.1016/j.socnet.2026.02.004,social-networks,2026,86,,138-149,Ka Yi Fung; Wing Sun Chan; Miranda Mi Wa Chan,Networked philanthropy during COVID-19: A case study of community brokerage in Hong Kong
10.1016/j.socnet.2026.02.003,social-networks,2026,86,,150-172,Zack W. Almquist; Ihsan Kahveci; Owen Kajfasz; Janelle Rothfolk; Amy Hagopian,"Understanding the personal networks of people experiencing homelessness in King County, WA with aggregate relational data"
10.1016/j.socnet.2026.02.005,social-networks,2026,86,,173-186,Derek A. Kreager; David R. Schaefer; Kristina Brant; Nicolette Bardele; Brandy F. Henry,"A hybrid mixed methods design for understanding decision making, social structure, and network dynamics of life course transitions"
10.1016/j.socnet.2026.02.006,social-networks,2026,86,,187-210,Sabrina Mai; Carter T. Butts,Working together through the storm: The role of task performance in a collaborative emergent multiorganizational disaster response network
10.1016/j.socnet.2026.03.001,social-networks,2026,86,,211-228,Markus H. Schafer; James S Malo; Brandon M. Brown; Meagan L. McGourty,What accompanies companionship? Reassessing personal networks and loneliness among young and older adults
10.1016/j.socnet.2026.03.004,social-networks,2026,86,,229-239,Cassie McMillan; Mark C. Pachucki; Jiaao Yu; A. James O’Malley; Anne N. Thorndike; Douglas E. Levy,Network threats to causal inference: Variations in network position by participation in randomized controlled trials
10.1016/j.socnet.2026.03.005,social-networks,2026,86,,240-251,Giovanna Fancello; Basile Chaix; Philippe Gerber; Yan Kestens; Alexandre Naud; Cédric Sueur; Julie Vallée,The sociability space: Putting social networks into geographical space
10.1016/j.socnet.2026.03.003,social-networks,2026,86,,252-265,Weihua An; Pablo Estrada; Juan Andrés Estrada; David T. Jacho-Chávez,Estimating peer influence in multilayer networks
10.1016/j.socnet.2026.04.002,social-networks,2026,86,,273-286,Miranda J. Lubbers; Beate Völker; Michał Bojanowski,"From hidden populations to social structure: Evolution of the Network Scale-Up Method, Aggregated Relational Data, and their applications"
10.1016/j.socnet.2026.04.001,social-networks,2026,86,,287-301,Tianyu Qiao; Zeqi Qiu,Social influences in network and households’ e-commerce entrepreneurship in rural China
10.1016/j.socnet.2026.04.004,social-networks,2026,86,,302-311,Melissa Park; Keven Lee; Sarah E. Piombo; Marie Christine Le Bourdais; Seiyan Yang; Arnaud Francioni; Thomas W. Valente,An intersectoral structural network intervention to expand social care in-and-with community: Key mechanisms of an intersectoral dementia community investment initiative
10.1016/j.socnet.2026.04.006,social-networks,2026,86,,312-324,Jorge M. Arevalillo; Juan Marcos Ramírez; Sergio Díaz-Aranda; Jose Aguilar; Antonio Fernández Anta; Rosa E. Lillo,Network scale-up methods on aggregated relational data to estimate the outcome of elections
10.1016/j.socnet.2026.04.005,social-networks,2026,86,,325-333,Krista A. Haapanen; Megan S. Patterson; Brian D. Christens,Mapping the relational ecology of multi-organizational coalitions and collaboratives: Considerations in the conceptualization and design of social network analysis studies
10.1016/j.socnet.2026.04.007,social-networks,2026,86,,334-341,Robert Petrunia; Linh Phan; Leonardo Sánchez-Aragón,"Ownership networks, financing and firm growth"
10.1016/j.socnet.2026.04.012,social-networks,2026,86,,342-353,Alejandro Espinosa-Rada; Matías Bargsted; Francisca Ortiz Ruiz,"Socioeconomic homogeneity in acquaintance networks: Occupational prestige, education, and intergenerational mobility"
10.1016/j.socnet.2026.04.008,social-networks,2026,86,,354-369,Eunsung Yoon; Zhuofan Li,Embedding-based synthetic control for causal inference in dynamic networks
10.1016/j.socnet.2026.05.001,social-networks,2026,86,,370-388,Alexander V. Gubanov; Ivan V. Kozitsin,"If all friends are perfectly reliable, then one friend always suffices: How non-reciprocity creates the Dunbar circles"
10.1016/j.socnet.2026.04.014,social-networks,2026,86,,389-400,Jie Yang; Xingyu Luo; Siyu Yao; Yuhan Wei,Understanding the formation of interdisciplinary collaboration networks with an ERGM approach
10.1016/j.socnet.2026.04.013,social-networks,2026,86,,401-411,Eszter Vit; Isabel J. Raabe,"Rigid boundaries, selective salience: How classroom gender composition shapes adolescent friendships"
10.1016/j.socnet.2026.04.011,social-networks,2026,86,,423-430,Isabelle Brocas; Juan D. Carrillo,"Local signals, global stakes: Groups with aligned interests struggle to coordinate when information is noisy and shared locally"
10.1016/j.socnet.2026.04.009,social-networks,2026,86,,446-457,Peng Huang,Micro–macro analysis of network change
10.1016/j.socnet.2026.04.017,social-networks,2026,86,,431-445,Amanda O’Malley; Carly A. Bobak; Amber E. Barnato,Causal inference for intervention spillover in a stepped wedge cluster-randomized trial: Lessons from a physician network
10.1017/nws.2023.9,network-science,2023,11,2,175-183,Carter T. Butts; Alessandro Lomi; Tom A. B. Snijders; Christoph Stadtfeld,Relational event models in network science
10.1017/nws.2022.32,network-science,2022,10,4,361-380,Thomas Bläsius; Tobias Friedrich; Maximilian Katzmann; Ulrich Meyer; Manuel Penschuck; Christopher Weyand,Efficiently generating geometric inhomogeneous and hyperbolic random graphs
10.1017/nws.2024.12,network-science,2024,12,3,289-304,Zachary P. Neal,The not-so-forbidden triad: Evaluating the assumptions of the Strength of Weak Ties
10.1017/nws.2022.29,network-science,2022,11,1,5-35,Jürgen Lerner; Marian-Gabriel Hâncean,Micro-level network dynamics of scientific collaboration and impact: Relational hyperevent models for the analysis of coauthor networks
10.1017/nws.2023.8,network-science,2023,11,2,324-350,Jason Gravel; Matthew Valasik; Joris Mulder; Roger Leenders; Carter T. Butts; P. Jeffrey Brantingham; George Tita,"Rivalries, reputation, retaliation, and repetition: Testing plausible mechanisms for the contagion of violence between street gangs using relational event models"
10.1017/nws.2022.24,network-science,2022,10,3,283-300,Cassie McMillan,Strong and weak tie homophily in adolescent friendship networks: An analysis of same-race and same-gender ties
10.1017/nws.2022.33,network-science,2022,11,1,143-173,Matthew Smith; Yasaman Sarabi; Dimitris Christopoulos,Understanding collaboration patterns on funded research projects: A network analysis
10.1017/nws.2022.7,network-science,2022,10,1,15-19,Philip Leifeld; Skyler Cranmer,The stochastic actor-oriented model is a theory as much as it is a method and must be subject to theory tests
10.1017/nws.2022.35,network-science,2022,10,4,400-429,Frédéric Giroire; Nicolas Nisse; Thibaud Trolliet; Małgorzata Sulkowska,Preferential attachment hypergraph with high modularity
10.1017/nws.2022.40,network-science,2023,11,1,98-112,Domenico De Stefano; Vittorio Fuccella; María Prosperina Vitale; Susanna Zaccarin,Quality issues in co-authorship data of a national scientific community
10.1017/nws.2024.1,network-science,2024,12,2,122-138,Eric Yanchenko; Srijan Sengupta,A generalized hypothesis test for community structure in networks
10.1017/nws.2024.16,network-science,2024,12,4,404-417,Zachary P. Neal; Zack W. Almquist; James P. Bagrow; Aaron Clauset; Jana Diesner; Emmanuel Lazega; Juniper Lovato; James Moody; Tiago P. Peixoto; ZACHARY STEINERT-THRELKELD; Andreia Sofia Teixeira,Recommendations for sharing network data and materials
10.1017/nws.2022.6,network-science,2022,10,1,3-14,Per Block; James Hollway; Christoph Stadtfeld; Johan Koskinen; Tom A. B. Snijders,Circular specifications and “predicting” with information from the future: Errors in the empirical SAOM–TERGM comparison of Leifeld &amp; Cranmer
10.1017/nws.2022.37,network-science,2023,11,2,249-266,Alvaro Uzaheta; Viviana Amati; Christoph Stadtfeld,Random effects in dynamic network actor models
10.1017/nws.2022.14,network-science,2022,10,2,146-169,Marcell Nagy; Roland Molontay,Network classification-based structural analysis of real networks and their model-generated counterparts
10.1017/nws.2023.13,network-science,2023,11,4,536-559,Piotr J. Górski; Curtis Atkisson; Janusz A. Hołyst,A general model for how attributes can reduce polarization in social groups
10.1017/nws.2022.27,network-science,2022,10,4,323-346,Bogumił Kamiński; Łukasz Kraiński; Paweł Prałat; François Théberge,A multi-purposed unsupervised framework for comparing embeddings of undirected and directed graphs
10.1017/nws.2022.31,network-science,2022,11,2,205-223,Sebastian Haunss; James Hollway,Multimodal mechanisms of political discourse dynamics and the case of Germany’s nuclear energy phase-out
10.1017/nws.2023.5,network-science,2023,11,2,267-294,Giuseppe Arena; Joris Mulder; Roger Leenders,How fast do we forget our past social interactions? Understanding memory retention with parametric decays in relational event models
10.1017/nws.2022.42,network-science,2023,11,3,351-373,Paolo Boldi; Flavio Furia; Sebastiano Vigna,Monotonicity in undirected networks
10.1017/nws.2023.14,network-science,2023,11,4,560-588,Riccardo Rastelli; Marco Corneli,Continuous latent position models for instantaneous interactions
10.1017/nws.2024.5,network-science,2024,12,2,160-188,Sebastian Buß; Hendrik Molter; Rolf Niedermeier; Maciej Rymar,Algorithmic aspects of temporal betweenness
10.1017/nws.2022.13,network-science,2022,10,2,131-145,Javier Pardo-Diaz; Philip S. Poole; Mariano Beguerisse-Díaz; Charlotte M. Deane; Gesine Reinert,Generating weighted and thresholded gene coexpression networks using signed distance correlation
10.1017/nws.2022.34,network-science,2022,11,1,36-64,Alina Lungeanu; Ryan Whalen; Y. Jasmine Wu; Leslie A. DeChurch; Noshir Contractor,"Diversity, networks, and innovation: A text analytic approach to measuring expertise diversity"
10.1017/nws.2023.3,network-science,2023,11,3,397-410,Zachary P. Neal,The duality of networks and groups: Models to generate two-mode networks from one-mode networks
10.1017/nws.2022.25,network-science,2022,10,3,215-233,Azwirman Gusrialdi,Connectivity-preserving distributed algorithms for removing links in directed networks
10.1017/nws.2023.6,network-science,2023,11,3,411-430,András György; Thomas Marlow; Bruno Abrahão; Kinga Makovi,Segregated mobility patterns amplify neighborhood disparities in the spread of COVID-19
10.1017/nws.2023.11,network-science,2023,11,3,431-457,Ryan Kinnear; Ravi R. Mazumdar,Exact recovery of Granger causality graphs with unconditional pairwise tests
10.1017/nws.2024.2,network-science,2024,12,2,107-121,Jennifer Watling Neal,Methodological moderators of average outdegree centrality: A meta-analysis of child and adolescent friendship networks
10.1017/nws.2022.5,network-science,2022,10,1,82-110,Vishesh Karwa; Sonja Petrović; Denis Bajić,DERGMs: Degeneracy-restricted exponential family random graph models
10.1017/nws.2022.26,network-science,2022,10,3,261-282,Jared Edgerton; Skyler Cranmer; Victor Finomore,How teams adapt to exogenous shocks: Experimental evidence with node knockouts of central members
10.1017/nws.2023.4,network-science,2023,11,2,295-323,Scott Leo Renshaw; Selena M. Livas; Miruna Petrescu‐Prahova; Carter T. Butts,Modeling complex interactions in a disrupted environment: Relational events in the WTC response
10.1017/nws.2023.16,network-science,2023,11,4,632-656,David P. Kennedy; Thomas N. Bradbury; Benjamin R. Karney,Typologies of duocentric networks among low-income newlywed couples
10.1017/nws.2023.19,network-science,2023,12,1,1-20,László Lőrincz; Sándor Juhász; Rebeka O. Szabó,Business transactions and ownership ties between firms
10.1017/nws.2023.20,network-science,2023,12,1,21-40,Kiran Tomlinson; Austin R. Benson,Graph-based methods for discrete choice
10.1017/nws.2024.7,network-science,2024,12,3,202-233,Izabel Aguiar; Johan Ugander,The latent cognitive structures of social networks
10.1017/nws.2024.9,network-science,2024,12,3,261-288,Ali Tavasoli; Heman Shakeri; Ehsan Ardjmand; Shakil Rahman,The art of interconnections: Achieving maximum algebraic connectivity in multilayer networks
10.1017/nws.2024.15,network-science,2024,12,4,392-403,Parishmita Boruah; Surajit Borkotokey; Rajnish Kumar,Multilayer network games: A cooperative approach
10.1017/nws.2025.4,network-science,2025,13,,,Mario Angst; Neitah Noemi Müller; Viviane Walker,Automated extraction of discourse networks from large volumes of media data
10.1017/nws.2024.17,network-science,2024,13,,,Barbara Będowska-Sójka; Piotr Wójcik; Sabrina Giordano,Has bitcoin been dethroned too quickly? The cryptocurrency return networks
10.1017/nws.2025.6,network-science,2025,13,,,Heather Shappell; Mark Kramer; Catherine J. Chu; Eric D. Kolaczyk,Accounting for edge uncertainty in stochastic actor-oriented models for dynamic network analysis
10.1017/nws.2025.10005,network-science,2025,13,,,Shane Lubold; Bolun Liu; Tyler H. McCormick,Spectral goodness-of-fit tests for complete and partial network data
10.1017/nws.2025.10008,network-science,2025,13,,,Amelie Reiner; Mark Wittek; Lea Ellwardt,Who would ask whom for health advice? The structural anatomy of health advice networks among middle-aged and older adults
10.1017/nws.2022.30,network-science,2022,10,4,347-360,Kiran R. Bhutani; Ravi Kalpathy; Hosam M. Mahmoud,Random networks grown by fusing edges via urns
10.1017/nws.2023.22,network-science,2024,12,1,88-106,Hanh T. D. Pham; Daniel K. Sewell,Automated detection of edge clusters via an overfitted mixture prior
10.1017/nws.2022.39,network-science,2023,11,1,113-142,Dmitry Zaytsev; Valentina Kuskova; Gregory Khvatsky; Anna A. Sokol,Searching for coherence in a fragmented field: Temporal and keywords network analysis in political science
10.1017/nws.2023.2,network-science,2023,11,3,374-396,Hannu Reittu; Lasse Leskelä; Tomi Räty,A network community detection method with integration of data from multiple layers and node attributes
10.1017/nws.2022.18,network-science,2022,10,3,234-260,Henry L. Carscadden; Chris J. Kuhlman; Madhav Marathe; S. S. Ravi; Daniel J. Rosenkrantz,Techniques for blocking the propagation of two simultaneous contagions over networks using a graph dynamical systems framework
10.1017/nws.2023.17,network-science,2023,11,4,615-631,Riccardo Dondi; Mohammad Mehdi Hosseinzadeh,Colorful path detection in vertex-colored temporal
10.1017/nws.2021.21,network-science,2022,10,1,46-81,Jane Carlen; Jaume de Dios Pont; Cassidy Mentus; Shyr-Shea Chang; Stephanie Wang; Mason A. Porter,Role detection in bicycle-sharing networks using multilayer stochastic block models
10.1017/nws.2022.23,network-science,2022,10,3,301-321,Benjamin Leinwand; Vladas Pipiras,Block dense weighted networks with augmented degree correction
10.1017/nws.2023.10,network-science,2023,11,3,458-501,Megan Morrison; J. Nathan Kutz; Michael Gabbay,Transitions between peace and systemic war as bifurcations in a signed network dynamical system
10.1017/nws.2023.23,network-science,2024,12,1,65-87,Balázs R. Sziklai; Balázs Lengyel,Audience selection for maximizing social influence
10.1017/nws.2022.36,network-science,2022,10,4,381-399,Julie Queiros; Célestin Coquidé; François Queyroi,Toward random walk-based clustering of variable-order networks
10.1017/nws.2022.38,network-science,2023,11,2,224-248,Bryan C. Cannon; Dawn T. Robinson,"A simplest mathematics of turn-taking: Conversational deep structure, emergence, and permeation"
10.1017/nws.2024.11,network-science,2024,12,3,305-320,Josefine Bohr Brask; Josefine Bohr Brask; Jonatan Bohr Brask; Jonatan Bohr Brask,Evolution of cooperation in networks with well-connected cooperators
10.1017/nws.2024.18,network-science,2025,13,,,Salvatore Di Falco; Francesco Feri; Paolo Pin,A model of network redistributive pressure
10.1017/nws.2025.2,network-science,2025,13,,,Kieran Mepham; András Vörös; Christoph Stadtfeld,Network polarization: The study of political attitudes and social ties as dynamic multilevel networks
10.1017/nws.2022.17,network-science,2022,10,2,190-206,Mengzhen Li; Mustafa Coşkun; Mehmet Koyutürk,Consensus embedding for multiple networks: Computation and applications
10.1017/nws.2022.22,network-science,2022,11,2,184-204,Cornelius Fritz; Marius Mehrl; Paul W. Thurner; Göran Kauermann,All that glitters is not gold: Relational events models with spurious events
10.1017/nws.2022.16,network-science,2022,10,2,170-189,Tadao Hoshino,A pairwise strategic network formation model with group heterogeneity: With an application to international travel
10.1017/nws.2022.8,network-science,2022,10,1,1-2,Stanley Wasserman; Ulrik Brandes,Editors’ Note
10.1017/nws.2022.12,network-science,2022,10,2,113-130,Tracy M. Sweet; Samrachana Adhikari,A hierarchical latent space network model for mediation
10.1017/nws.2023.7,network-science,2023,11,1,1-4,Dmitry Zaytsev; Noshir Contractor,Introduction to the special issue on scientific networks
10.1017/nws.2023.15,network-science,2023,11,4,589-614,Jonas Stein; Jornt J. Mandemakers; Arnout van de Rijt,Limited evidence for structural balance in the family
10.1017/nws.2024.3,network-science,2024,12,2,139-159,Somya Singh; Fady Alajaji; Bahman Gharesifard,Generating preferential attachment graphs via a Pólya urn with expanding colors
10.1017/nws.2024.6,network-science,2024,12,2,189-200,Zachary P. Neal,When can networks be inferred from observed groups?
10.1017/nws.2024.14,network-science,2024,12,4,339-365,Benedikt V. Meylahn; Christa Searle,Opinion dynamics beyond social influence
10.1017/nws.2025.1,network-science,2025,13,,,Guillaume P. Fernandez,"Centrality and social domains: The role of support, conflict, and ambivalence in the perception of linguistic similarity"
10.1017/nws.2023.12,network-science,2023,11,3,502-535,Frank W. Marrs; Bailey K. Fosdick,Regression of binary network data with exchangeable latent errors
10.1017/nws.2022.2,network-science,2022,10,1,f1-f3,,NWS volume 10 issue 1 Cover and Front matter
10.1017/nws.2022.15,network-science,2022,10,2,207-213,Clara Stegehuis,Bringing network science to primary school
10.1017/nws.2022.21,network-science,2022,10,2,f1-f3,,NWS volume 10 issue 2 Cover and Front matter
10.1017/nws.2022.28,network-science,2022,10,3,f1-f3,,NWS volume 10 issue 3 Cover and Front matter
10.1017/nws.2022.41,network-science,2023,11,1,65-97,Valentina Kuskova; Dmitry Zaytsev; Gregory Khvatsky; Anna A. Sokol; Maria D. Vorobeva; Rustam A. Kamalov,Expanding the boundaries of interdisciplinary field: Contribution of <i>Network Science</i> journal to the development of network science
10.1017/nws.2023.1,network-science,2022,10,4,f1-f3,,NWS volume 10 issue 4 Cover and Front matter
10.1017/nws.2023.18,network-science,2023,11,4,657-669,jimi adams; Michał Bojanowski,Do NBA teams avoid trading within their own division?
10.1017/nws.2023.21,network-science,2023,12,1,41-64,John Leventides; Costas Poulios; Maria Livada; Ioannis Giannikos,Reengineering of interbank networks
10.1017/nws.2025.3,network-science,2025,13,,,Rafik Aguech; Hosam M. Mahmoud; Hanène Mohamed; Zhou Yang,Exponentially preferential trees
10.1017/nws.2024.8,network-science,2024,12,3,234-260,Benjamin D. Maldonado; Ryan Schuerkamp; Cassidy M. Martin; Ketra Rice; Nisha Nataraj; Margaret M. Brown; Christopher R. Harper; Curtis Florence; Philippe J. Giabbanelli,Guiding prevention initiatives by applying network analysis to systems maps of adverse childhood experiences and adolescent suicide
10.1017/nws.2024.13,network-science,2024,12,4,366-391,Thomas Bläsius; Maximilian Katzmann; Clara Stegehuis,Maximal cliques in scale-free random graphs
10.1017/nws.2024.10,network-science,2024,12,4,321-338,Chandril Ghosh; Duncan McVicar; Gavin Davidson; Ciarán Shannon; Chérie Armour,"What can we learn about mental health from 10,933 patient lived experiences using a novel quantitative-qualitative network analysis?"
10.1017/nws.2025.5,network-science,2025,13,,,Benjamin Sischka; Göran Kauermann,Nonparametric two-sample test for networks using joint graphon estimation
10.1017/nws.2025.10004,network-science,2025,13,,,Arturo Bertero; Gonzalo Franetovic,Consolidation and change: Exploring the impact of anger and network dynamics on inequality belief systems
10.1017/nws.2025.10006,network-science,2025,13,,,Elena Candellone; Shazia’Ayn Babul; Özgür Togay; Alexandre Bovet; Javier Garcia‐Bernardo,Negative ties highlight hidden extremes in social media polarization
10.1017/nws.2025.10007,network-science,2025,13,,,Maria C. Ramos,The structure of identity facilitation and interference
10.1017/nws.2025.10009,network-science,2025,13,,,Femke van Esch; Jeroen Snellens,Exploring EU public opinion with cognitive mapping
10.1017/nws.2025.10013,network-science,2025,13,,,Konstantin M. Zuev; Pavlos Stavrinides,"Breadth, depth, and flux of course-prerequisite networks"
10.1017/nws.2025.10012,network-science,2025,13,,,Pál Burai; Paweł Pasteczka,A nonlinear model of evolution of beliefs in social networks
10.1017/nws.2025.10014,network-science,2025,13,,,Xian Yao Gwee; Isobel Claire Gormley; Michael Fop,Model-based clustering for network data via a latent shrinkage position cluster model
10.1017/nws.2025.10016,network-science,2025,13,,,Yijing Chen; Anne Speer; Bart de Bruin; Dino Carpentras; Philip Warncke,A “broken egg” of U.S. Political Beliefs: Using response-item networks (ResIN) to measure ideological polarization
10.1017/nws.2025.10015,network-science,2025,13,,,Thien Minh Le; Hali Hambridge; Jukka-Pekka Onnela,Temporal configuration model: Statistical inference and spreading processes
10.1017/nws.2025.10020,network-science,2025,13,,,Charlie Joyez,Robustness with adaptation. Ownership networks of multinationals through COVID-19
10.1017/nws.2025.10019,network-science,2025,13,,,P. J. Lamberson,Network games with local correlation and clustering
10.1017/nws.2025.10017,network-science,2026,14,,,Juan-Camilo Cárdenas; Danisz Okulicz; D. Pietrobon; Tomás Rodríguez Barraquer; Tatiana Velasco,Trust and the dynamics of network formation
10.1017/nws.2025.10011,network-science,2025,13,,,Amelie Reiner; James Moody,Moving beyond constrained settings: Health and network dynamics among middle-aged and older adults in voluntary clubs
10.1017/nws.2025.10021,network-science,2026,14,,,Chaoyi Lu; Riccardo Rastelli; Nial Friel,A zero-inflated Poisson latent position cluster model
10.1017/nws.2026.10022,network-science,2026,14,,,Zachary P. Neal; Jennifer Watling Neal; Elise Cappella; J. Marcus Dockerty,Selecting key opinion leaders under practical challenges
10.1017/nws.2026.10024,network-science,2026,14,,,Nataša Pantić; Thibault Coppe; Gil Viry,An illustrated tutorial on mixed-method social network analysis of embedded network agency
10.1017/nws.2026.10025,network-science,2026,14,,,Rana Shojaei; Thilo Gross,Counting chemical isomers with multivariate generating functions
10.1017/nws.2026.10023,network-science,2026,14,,,Eric Yanchenko; Srijan Sengupta,A label-switching algorithm for fast core-periphery identification
10.1017/nws.2026.10027,network-science,2026,14,,e7-e7,Zack W. Almquist; Benjamin Bagozzi; Daria Blinova; Zach Brown,In search of common ground: Exploring value networks at the UNFCCC climate change talks
10.1017/nws.2026.10029,network-science,2026,14,,,Martin Arvidsson; Pablo Bello; Marc Keuschnigg,"The structural origins of the conservative online media niche, US Twitter 2022"
10.1017/nws.2026.10026,network-science,2026,14,,,Leili Soleimani Asil; Mohammad Khansari,An immunization method using a context-based centrality in multiplex networks
